"Name","URI","Region GSS code","Period","Sales volume","Reporting period","Average price All property types","Percentage change (yearly) All property types","Percentage change (monthly) All property types","House price index All property types","Sales volume All property types","Average price Detached houses","Percentage change (yearly) Detached houses","Percentage change (monthly) Detached houses","House price index Detached houses","Average price Semi-detached houses","Percentage change (yearly) Semi-detached houses","Percentage change (monthly) Semi-detached houses","House price index Semi-detached houses","Average price Terraced houses","Percentage change (yearly) Terraced houses","Percentage change (monthly) Terraced houses","House price index Terraced houses","Average price Flats and maisonettes","Percentage change (yearly) Flats and maisonettes","Percentage change (monthly) Flats and maisonettes","House price index Flats and maisonettes","Average price First-time buyers","Percentage change (yearly) First-time buyers","Percentage change (monthly) First-time buyers","House price index First-time buyers","Average price Former owner-occupiers","Percentage change (yearly) Former owner-occupiers","Percentage change (monthly) Former owner-occupiers","House price index Former owner-occupiers","Average price Cash purchases","Percentage change (yearly) Cash purchases","Percentage change (monthly) Cash purchases","House price index Cash purchases","Sales volume Cash purchases","Average price Mortgage purchases","Percentage change (yearly) Mortgage purchases","Percentage change (monthly) Mortgage purchases","House price index Mortgage purchases","Sales volume Mortgage purchases","Average price New build","Percentage change (yearly) New build","Percentage change (monthly) New build","House price index New build","Sales volume New build","Average price Existing properties","Percentage change (yearly) Existing properties","Percentage change (monthly) Existing properties","House price index Existing properties","Sales volume Existing properties","Pivotable date"
Redcar and Cleveland,http://landregistry.data.gov.uk/id/region/redcar-and-cleveland,E06000003,2015-10,170,monthly,105441,-1.9,-2.7,72.9,170,179556,-1.2,-2.5,73.4,108419,-1.8,-2.7,72.7,81366,-2.7,-2.9,72.0,63869,-2.9,-3.1,77.3,93442,-2.1,-2.7,72.6,121819,-1.8,-2.7,73.1,99288,-2.1,-2.7,73.3,65,108610,-1.9,-2.7,72.7,104,211347,-1.6,-2.6,72.8,14,102793,-2.0,-2.7,72.7,156,2015-10-01
Redcar and Cleveland,http://landregistry.data.gov.uk/id/region/redcar-and-cleveland,E06000003,2015-11,184,monthly,106440,-1.4,0.9,73.6,184,181450,-0.6,1.1,74.2,109506,-1.2,1.0,73.4,81996,-2.1,0.8,72.5,64411,-2.6,0.8,78.0,94294,-1.5,0.9,73.3,123011,-1.2,1.0,73.8,100197,-1.5,0.9,74.0,70,109657,-1.3,1.0,73.4,114,213545,-1.1,1.0,73.5,21,103756,-1.5,0.9,73.4,163,2015-11-01
Redcar and Cleveland,http://landregistry.data.gov.uk/id/region/redcar-and-cleveland,E06000003,2015-12,136,monthly,106740,-0.7,0.3,73.8,136,182003,-0.1,0.3,74.4,109811,-0.5,0.3,73.6,82236,-1.2,0.3,72.7,64500,-2.0,0.1,78.1,94579,-0.8,0.3,73.5,123334,-0.5,0.3,74.0,100456,-0.8,0.3,74.2,53,109980,-0.6,0.3,73.6,83,216105,-0.1,1.2,74.4,16,103957,-0.8,0.2,73.5,120,2015-12-01
Redcar and Cleveland,http://landregistry.data.gov.uk/id/region/redcar-and-cleveland,E06000003,2016-01,113,monthly,108884,1.4,2.0,75.3,113,185433,1.8,1.9,75.8,112120,1.6,2.1,75.2,83860,0.8,2.0,74.2,65760,0.0,2.0,79.6,96480,1.3,2.0,75.0,125811,1.4,2.0,75.5,102461,1.2,2.0,75.7,45,112196,1.4,2.0,75.1,68,220829,1.6,2.2,76.1,14,106026,1.3,2.0,75.0,99,2016-01-01
Redcar and Cleveland,http://landregistry.data.gov.uk/id/region/redcar-and-cleveland,E06000003,2016-02,126,monthly,108350,-0.6,-0.5,74.9,126,184478,-0.3,-0.5,75.4,111502,-0.3,-0.6,74.8,83507,-1.1,-0.4,73.9,65649,-2.1,-0.2,79.5,96039,-0.7,-0.5,74.7,125157,-0.6,-0.5,75.1,101997,-0.7,-0.5,75.3,39,111625,-0.6,-0.5,74.7,87,219567,-1.3,-0.6,75.6,11,105516,-0.5,-0.5,74.6,115,2016-02-01
Redcar and Cleveland,http://landregistry.data.gov.uk/id/region/redcar-and-cleveland,E06000003,2016-03,198,monthly,107539,-0.5,-0.7,74.3,198,182959,-0.4,-0.8,74.8,110711,-0.2,-0.7,74.2,82823,-0.8,-0.8,73.3,65446,-1.4,-0.3,79.2,95307,-0.5,-0.8,74.1,124234,-0.5,-0.7,74.6,101278,-0.4,-0.7,74.8,82,110762,-0.5,-0.8,74.1,116,214920,-2.9,-2.1,74.0,15,104868,-0.2,-0.6,74.2,183,2016-03-01
Redcar and Cleveland,http://landregistry.data.gov.uk/id/region/redcar-and-cleveland,E06000003,2016-04,120,monthly,109325,2.3,1.7,75.6,120,186071,2.3,1.7,76.1,112415,2.5,1.5,75.4,84339,2.2,1.8,74.6,66499,1.6,1.6,80.5,96915,2.3,1.7,75.3,126268,2.3,1.6,75.8,102954,2.4,1.7,76.0,39,112604,2.3,1.7,75.3,81,220241,0.6,2.5,75.9,18,106528,2.5,1.6,75.3,102,2016-04-01
Redcar and Cleveland,http://landregistry.data.gov.uk/id/region/redcar-and-cleveland,E06000003,2016-05,159,monthly,109731,2.9,0.4,75.9,159,186597,2.9,0.3,76.3,112722,2.9,0.3,75.6,84835,3.1,0.6,75.0,66854,2.7,0.5,80.9,97357,3.0,0.5,75.7,126642,2.9,0.3,76.0,103312,3.0,0.3,76.3,61,113038,2.9,0.4,75.6,98,225306,3.7,2.3,77.6,23,106727,2.9,0.2,75.5,136,2016-05-01
Redcar and Cleveland,http://landregistry.data.gov.uk/id/region/redcar-and-cleveland,E06000003,2016-06,163,monthly,110315,2.5,0.5,76.3,163,187514,2.8,0.5,76.7,113232,2.3,0.5,75.9,85455,2.5,0.7,75.6,67068,2.3,0.3,81.2,97904,2.5,0.6,76.1,127279,2.4,0.5,76.4,103852,2.5,0.5,76.7,57,113644,2.5,0.5,76.0,106,229031,5.5,1.7,78.9,36,107174,2.2,0.4,75.8,127,2016-06-01
Redcar and Cleveland,http://landregistry.data.gov.uk/id/region/redcar-and-cleveland,E06000003,2016-07,163,monthly,111154,2.3,0.8,76.8,163,188858,2.8,0.7,77.2,114051,2.0,0.7,76.5,86180,2.4,0.8,76.2,67627,2.1,0.8,81.9,98643,2.3,0.8,76.7,128255,2.3,0.8,77.0,104676,2.3,0.8,77.3,51,114489,2.3,0.7,76.6,112,229388,5.2,0.2,79.0,29,108053,2.0,0.8,76.4,134,2016-07-01
Redcar and Cleveland,http://landregistry.data.gov.uk/id/region/redcar-and-cleveland,E06000003,2016-08,159,monthly,108338,-0.4,-2.5,74.9,159,184278,0.1,-2.4,75.3,111250,-0.6,-2.5,74.6,83830,-0.6,-2.7,74.2,65793,-0.5,-2.7,79.6,96076,-0.5,-2.6,74.7,125085,-0.4,-2.5,75.1,102038,-0.4,-2.5,75.3,65,111580,-0.4,-2.5,74.6,94,220596,1.4,-3.8,76.0,16,105453,-0.6,-2.4,74.6,143,2016-08-01
Redcar and Cleveland,http://landregistry.data.gov.uk/id/region/redcar-and-cleveland,E06000003,2016-09,159,monthly,109606,1.1,1.2,75.8,159,186597,1.4,1.3,76.3,112666,1.1,1.3,75.5,84632,1.0,1.0,74.9,66444,0.9,1.0,80.4,97169,1.1,1.1,75.5,126587,1.1,1.2,76.0,103196,1.1,1.1,76.2,54,112907,1.1,1.2,75.5,105,223025,2.8,1.1,76.8,28,106695,1.0,1.2,75.5,131,2016-09-01
Redcar and Cleveland,http://landregistry.data.gov.uk/id/region/redcar-and-cleveland,E06000003,2016-10,183,monthly,108340,2.7,-1.2,74.9,183,185116,3.1,-0.8,75.7,111434,2.8,-1.1,74.7,83254,2.3,-1.6,73.6,65883,3.2,-0.8,79.8,95973,2.7,-1.2,74.6,125212,2.8,-1.1,75.2,101964,2.7,-1.2,75.3,62,111628,2.8,-1.1,74.7,121,221696,4.9,-0.6,76.4,39,105405,2.5,-1.2,74.5,144,2016-10-01
Redcar and Cleveland,http://landregistry.data.gov.uk/id/region/redcar-and-cleveland,E06000003,2016-11,184,monthly,110693,4.0,2.2,76.5,184,189937,4.7,2.6,77.6,113857,4.0,2.2,76.3,84738,3.3,1.8,75.0,67301,4.5,2.2,81.5,97985,3.9,2.1,76.2,128017,4.1,2.2,76.9,104128,3.9,2.1,76.9,63,114082,4.0,2.2,76.3,121,228136,6.8,2.9,78.6,37,107618,3.7,2.1,76.1,147,2016-11-01
Redcar and Cleveland,http://landregistry.data.gov.uk/id/region/redcar-and-cleveland,E06000003,2016-12,167,monthly,108961,2.1,-1.6,75.3,167,187395,3.0,-1.3,76.6,111952,2.0,-1.7,75.1,83332,1.3,-1.7,73.7,66537,3.2,-1.1,80.5,96453,2.0,-1.6,75.0,126014,2.2,-1.6,75.7,102489,2.0,-1.6,75.7,62,112304,2.1,-1.6,75.1,105,225838,4.5,-1.0,77.8,37,105876,1.8,-1.6,74.9,130,2016-12-01
Redcar and Cleveland,http://landregistry.data.gov.uk/id/region/redcar-and-cleveland,E06000003,2017-01,134,monthly,106323,-2.4,-2.4,73.5,134,183245,-1.2,-2.2,74.9,109193,-2.6,-2.5,73.2,81258,-3.1,-2.5,71.9,64738,-1.6,-2.7,78.4,94122,-2.4,-2.4,73.2,122957,-2.3,-2.4,73.8,99953,-2.4,-2.5,73.8,54,109617,-2.3,-2.4,73.3,80,221887,0.5,-1.7,76.4,21,103243,-2.6,-2.5,73.0,113,2017-01-01
Redcar and Cleveland,http://landregistry.data.gov.uk/id/region/redcar-and-cleveland,E06000003,2017-02,119,monthly,107116,-1.1,0.7,74.0,119,184442,0.0,0.7,75.4,109834,-1.5,0.6,73.6,82023,-1.8,0.9,72.6,65749,0.2,1.6,79.6,94871,-1.2,0.8,73.8,123816,-1.1,0.7,74.3,100752,-1.2,0.8,74.4,47,110395,-1.1,0.7,73.8,72,223889,2.0,0.9,77.1,19,103986,-1.5,0.7,73.5,100,2017-02-01
Redcar and Cleveland,http://landregistry.data.gov.uk/id/region/redcar-and-cleveland,E06000003,2017-03,168,monthly,106521,-0.9,-0.6,73.6,168,183600,0.4,-0.5,75.1,109290,-1.3,-0.5,73.3,81434,-1.7,-0.7,72.0,65292,-0.2,-0.7,79.0,94316,-1.0,-0.6,73.3,123163,-0.9,-0.5,73.9,100186,-1.1,-0.6,74.0,73,109782,-0.9,-0.6,73.4,95,223426,4.0,-0.2,77.0,30,103367,-1.4,-0.6,73.1,138,2017-03-01
Redcar and Cleveland,http://landregistry.data.gov.uk/id/region/redcar-and-cleveland,E06000003,2017-04,145,monthly,109526,0.2,2.8,75.7,145,188361,1.2,2.6,77.0,112301,-0.1,2.8,75.3,83888,-0.5,3.0,74.2,67475,1.5,3.3,81.7,97014,0.1,2.9,75.4,126592,0.3,2.8,76.0,103099,0.1,2.9,76.1,56,112822,0.2,2.8,75.5,89,228011,3.5,2.1,78.5,10,106347,-0.2,2.9,75.2,135,2017-04-01
Redcar and Cleveland,http://landregistry.data.gov.uk/id/region/redcar-and-cleveland,E06000003,2017-05,158,monthly,109086,-0.6,-0.4,75.4,158,187056,0.2,-0.7,76.5,112022,-0.6,-0.2,75.1,83532,-1.5,-0.4,73.9,67170,0.5,-0.5,81.3,96665,-0.7,-0.4,75.2,126035,-0.5,-0.4,75.7,102682,-0.6,-0.4,75.8,71,112370,-0.6,-0.4,75.2,87,226659,0.6,-0.6,78.1,37,105936,-0.7,-0.4,74.9,121,2017-05-01
Redcar and Cleveland,http://landregistry.data.gov.uk/id/region/redcar-and-cleveland,E06000003,2017-06,225,monthly,111136,0.7,1.9,76.8,225,189738,1.2,1.4,77.6,114134,0.8,1.9,76.5,85316,-0.2,2.1,75.5,68679,2.4,2.2,83.1,98519,0.6,1.9,76.6,128357,0.8,1.8,77.1,104663,0.8,1.9,77.3,73,114448,0.7,1.8,76.6,152,228872,-0.1,1.0,78.8,47,108004,0.8,2.0,76.4,178,2017-06-01
Redcar and Cleveland,http://landregistry.data.gov.uk/id/region/redcar-and-cleveland,E06000003,2017-07,172,monthly,109914,-1.1,-1.1,76.0,172,187247,-0.9,-1.3,76.5,112937,-1.0,-1.0,75.7,84417,-2.0,-1.1,74.7,68060,0.6,-0.9,82.4,97436,-1.2,-1.1,75.7,126946,-1.0,-1.1,76.2,103545,-1.1,-1.1,76.5,63,113168,-1.2,-1.1,75.7,109,225702,-1.6,-1.4,77.7,36,106841,-1.1,-1.1,75.6,136,2017-07-01
Redcar and Cleveland,http://landregistry.data.gov.uk/id/region/redcar-and-cleveland,E06000003,2017-08,173,monthly,112473,3.8,2.3,77.7,173,191504,3.9,2.3,78.3,115459,3.8,2.2,77.4,86578,3.3,2.6,76.6,69429,5.5,2.0,84.1,99650,3.7,2.3,77.5,129967,3.9,2.4,78.0,105975,3.9,2.3,78.3,64,115790,3.8,2.3,77.5,109,229406,4.0,1.6,79.0,20,109388,3.7,2.4,77.4,153,2017-08-01
Redcar and Cleveland,http://landregistry.data.gov.uk/id/region/redcar-and-cleveland,E06000003,2017-09,186,monthly,110933,1.2,-1.4,76.7,186,189388,1.5,-1.1,77.4,113818,1.0,-1.4,76.3,85341,0.8,-1.4,75.5,68246,2.7,-1.7,82.6,98266,1.1,-1.4,76.4,128212,1.3,-1.4,77.0,104481,1.2,-1.4,77.1,65,114234,1.2,-1.3,76.4,121,227110,1.8,-1.0,78.2,20,107858,1.1,-1.4,76.3,166,2017-09-01
Redcar and Cleveland,http://landregistry.data.gov.uk/id/region/redcar-and-cleveland,E06000003,2017-10,212,monthly,111963,3.3,0.9,77.4,212,191486,3.4,1.1,78.3,114949,3.2,1.0,77.1,86017,3.3,0.8,76.1,68425,3.9,0.3,82.8,99160,3.3,0.9,77.1,129424,3.4,0.9,77.7,105380,3.4,0.9,77.8,84,115341,3.3,1.0,77.2,128,230073,3.8,1.3,79.2,39,108827,3.2,0.9,77.0,173,2017-10-01
Redcar and Cleveland,http://landregistry.data.gov.uk/id/region/redcar-and-cleveland,E06000003,2017-11,184,monthly,108652,-1.8,-3.0,75.1,184,186079,-2.0,-2.8,76.1,111679,-1.9,-2.8,74.9,83266,-1.7,-3.2,73.7,66244,-1.6,-3.2,80.2,96227,-1.8,-3.0,74.8,125597,-1.9,-3.0,75.4,102225,-1.8,-3.0,75.5,66,111956,-1.9,-2.9,74.9,118,223687,-2.0,-2.8,77.0,34,105593,-1.9,-3.0,74.7,150,2017-11-01
Redcar and Cleveland,http://landregistry.data.gov.uk/id/region/redcar-and-cleveland,E06000003,2017-12,162,monthly,113419,4.1,4.4,78.4,162,193779,3.4,4.1,79.2,116685,4.2,4.5,78.2,86952,4.3,4.4,76.9,69117,3.9,4.3,83.7,100490,4.2,4.4,78.1,131058,4.0,4.3,78.7,106729,4.1,4.4,78.8,58,116855,4.1,4.4,78.2,104,233064,3.2,4.2,80.3,28,110242,4.1,4.4,78.0,134,2017-12-01
Redcar and Cleveland,http://landregistry.data.gov.uk/id/region/redcar-and-cleveland,E06000003,2018-01,141,monthly,112473,5.8,-0.8,77.7,141,192324,5.0,-0.8,78.6,115752,6.0,-0.8,77.6,86139,6.0,-0.9,76.2,68484,5.8,-0.9,82.9,99661,5.9,-0.8,77.5,129954,5.7,-0.8,78.0,105757,5.8,-0.9,78.1,40,115934,5.8,-0.8,77.6,101,232479,4.8,-0.3,80.1,20,109273,5.8,-0.9,77.3,121,2018-01-01
Redcar and Cleveland,http://landregistry.data.gov.uk/id/region/redcar-and-cleveland,E06000003,2018-02,130,monthly,112442,5.0,0.0,77.7,130,193109,4.7,0.4,78.9,115583,5.2,-0.1,77.5,86025,4.9,-0.1,76.1,68101,3.6,-0.6,82.4,99651,5.0,0.0,77.5,129899,4.9,0.0,78.0,105566,4.8,-0.2,77.9,43,116008,5.1,0.1,77.6,87,236946,5.8,1.9,81.6,17,108971,4.8,-0.3,77.1,113,2018-02-01
Redcar and Cleveland,http://landregistry.data.gov.uk/id/region/redcar-and-cleveland,E06000003,2018-03,164,monthly,107750,1.2,-4.2,74.5,164,185788,1.2,-3.8,75.9,110795,1.4,-4.1,74.3,82224,1.0,-4.4,72.7,64856,-0.7,-4.8,78.5,95430,1.2,-4.2,74.2,124552,1.1,-4.1,74.8,101095,0.9,-4.2,74.6,58,111212,1.3,-4.1,74.4,106,228729,2.4,-3.5,78.8,27,104398,1.0,-4.2,73.8,137,2018-03-01
Redcar and Cleveland,http://landregistry.data.gov.uk/id/region/redcar-and-cleveland,E06000003,2018-04,187,monthly,107634,-1.7,-0.1,74.4,187,185557,-1.5,-0.1,75.9,110681,-1.4,-0.1,74.2,82215,-2.0,0.0,72.7,64446,-4.5,-0.6,78.0,95311,-1.8,-0.1,74.1,124433,-1.7,-0.1,74.7,101026,-2.0,-0.1,74.6,74,111065,-1.6,-0.1,74.3,113,228225,0.1,-0.2,78.6,27,104308,-1.9,-0.1,73.8,160,2018-04-01
Redcar and Cleveland,http://landregistry.data.gov.uk/id/region/redcar-and-cleveland,E06000003,2018-05,178,monthly,109177,0.1,1.4,75.5,178,187571,0.3,1.1,76.7,112478,0.4,1.6,75.4,83470,-0.1,1.5,73.8,65160,-3.0,1.1,78.9,96622,0.0,1.4,75.1,126275,0.2,1.5,75.8,102637,0.0,1.6,75.8,65,112552,0.2,1.3,75.3,113,227795,0.5,-0.2,78.5,27,106147,0.2,1.8,75.1,151,2018-05-01
Redcar and Cleveland,http://landregistry.data.gov.uk/id/region/redcar-and-cleveland,E06000003,2018-06,204,monthly,110756,-0.3,1.4,76.6,204,189875,0.1,1.2,77.6,114239,0.1,1.6,76.6,84690,-0.7,1.5,74.9,66124,-3.7,1.5,80.1,98024,-0.5,1.5,76.2,128096,-0.2,1.4,76.9,104143,-0.5,1.5,76.9,65,114166,-0.2,1.4,76.4,139,230226,0.6,1.1,79.3,39,107763,-0.2,1.5,76.2,165,2018-06-01
Redcar and Cleveland,http://landregistry.data.gov.uk/id/region/redcar-and-cleveland,E06000003,2018-07,190,monthly,112706,2.5,1.8,77.9,190,193228,3.2,1.8,79.0,116226,2.9,1.7,77.9,86194,2.1,1.8,76.2,67328,-1.1,1.8,81.5,99719,2.3,1.7,77.5,130384,2.7,1.8,78.3,105992,2.4,1.8,78.3,61,116166,2.6,1.8,77.7,129,233520,3.5,1.4,80.4,34,109731,2.7,1.8,77.6,156,2018-07-01
Redcar and Cleveland,http://landregistry.data.gov.uk/id/region/redcar-and-cleveland,E06000003,2018-08,171,monthly,113026,0.5,0.3,78.1,171,193758,1.2,0.3,79.2,116501,0.9,0.2,78.1,86526,-0.1,0.4,76.5,67427,-2.9,0.1,81.6,100066,0.4,0.3,77.8,130688,0.6,0.2,78.5,106202,0.2,0.2,78.4,77,116555,0.7,0.3,78.0,94,235531,2.7,0.9,81.1,14,109916,0.5,0.2,77.7,157,2018-08-01
Redcar and Cleveland,http://landregistry.data.gov.uk/id/region/redcar-and-cleveland,E06000003,2018-09,182,monthly,113857,2.6,0.7,78.7,182,195448,3.2,0.9,79.9,117293,3.1,0.7,78.6,87157,2.1,0.7,77.1,67784,-0.7,0.5,82.1,100778,2.6,0.7,78.3,131673,2.7,0.8,79.0,106972,2.4,0.7,79.0,57,117419,2.8,0.7,78.5,125,237579,4.6,0.9,81.8,22,110694,2.6,0.7,78.3,160,2018-09-01
Redcar and Cleveland,http://landregistry.data.gov.uk/id/region/redcar-and-cleveland,E06000003,2018-10,180,monthly,112194,0.2,-1.5,77.6,180,192832,0.7,-1.3,78.8,115630,0.6,-1.4,77.5,85738,-0.3,-1.6,75.8,66786,-2.4,-1.5,80.9,99309,0.1,-1.5,77.2,129747,0.2,-1.5,77.9,105374,0.0,-1.5,77.8,82,115726,0.3,-1.4,77.4,98,235145,2.2,-1.0,81.0,29,108980,0.1,-1.5,77.1,151,2018-10-01
Redcar and Cleveland,http://landregistry.data.gov.uk/id/region/redcar-and-cleveland,E06000003,2018-11,209,monthly,109133,0.4,-2.7,75.4,209,187781,0.9,-2.6,76.8,112561,0.8,-2.7,75.5,83249,0.0,-2.9,73.6,64840,-2.1,-2.9,78.5,96508,0.3,-2.8,75.0,126300,0.6,-2.7,75.8,102561,0.3,-2.7,75.7,80,112528,0.5,-2.8,75.3,128,226870,1.4,-3.5,78.1,26,106182,0.6,-2.6,75.1,183,2018-11-01
Redcar and Cleveland,http://landregistry.data.gov.uk/id/region/redcar-and-cleveland,E06000003,2018-12,171,monthly,106991,-5.7,-2.0,74.0,171,183975,-5.1,-2.0,75.2,110368,-5.4,-1.9,74.0,81613,-6.1,-2.0,72.2,63718,-7.8,-1.7,77.1,94651,-5.8,-1.9,73.6,123783,-5.6,-2.0,74.3,100570,-5.8,-1.9,74.3,60,110306,-5.6,-2.0,73.8,111,222387,-4.6,-2.0,76.6,37,104102,-5.6,-2.0,73.6,134,2018-12-01
Redcar and Cleveland,http://landregistry.data.gov.uk/id/region/redcar-and-cleveland,E06000003,2019-01,141,monthly,106639,-5.2,-0.3,73.7,141,183521,-4.6,-0.2,75.0,110040,-4.9,-0.3,73.8,81288,-5.6,-0.4,71.9,63332,-7.5,-0.6,76.7,94313,-5.4,-0.4,73.3,123405,-5.0,-0.3,74.1,100190,-5.3,-0.4,74.0,50,109975,-5.1,-0.3,73.6,91,221524,-4.7,-0.4,76.3,22,103772,-5.0,-0.3,73.4,119,2019-01-01
Redcar and Cleveland,http://landregistry.data.gov.uk/id/region/redcar-and-cleveland,E06000003,2019-02,152,monthly,107639,-4.3,0.9,74.4,152,185827,-3.8,1.3,76.0,110948,-4.0,0.8,74.4,81941,-4.7,0.8,72.5,64030,-6.0,1.1,77.5,95222,-4.4,1.0,74.0,124526,-4.1,0.9,74.8,101001,-4.3,0.8,74.6,46,111090,-4.2,1.0,74.3,106,228056,-3.8,2.9,78.5,12,104359,-4.2,0.6,73.8,140,2019-02-01
Redcar and Cleveland,http://landregistry.data.gov.uk/id/region/redcar-and-cleveland,E06000003,2019-03,173,monthly,107672,-0.1,0.0,74.4,173,186082,0.2,0.1,76.1,111040,0.2,0.1,74.4,81911,-0.4,0.0,72.5,63689,-1.8,-0.5,77.1,95256,-0.2,0.0,74.1,124543,0.0,0.0,74.8,100904,-0.2,-0.1,74.5,63,111208,0.0,0.1,74.4,110,229777,0.5,0.8,79.1,19,104243,-0.1,-0.1,73.7,154,2019-03-01
Redcar and Cleveland,http://landregistry.data.gov.uk/id/region/redcar-and-cleveland,E06000003,2019-04,161,monthly,107298,-0.3,-0.3,74.2,161,185106,-0.2,-0.5,75.7,110691,0.0,-0.3,74.2,81773,-0.5,-0.2,72.3,63297,-1.8,-0.6,76.6,94983,-0.3,-0.3,73.8,124038,-0.3,-0.4,74.5,100571,-0.5,-0.3,74.3,53,110811,-0.2,-0.4,74.1,108,229647,0.6,-0.1,79.1,10,103828,-0.5,-0.4,73.4,151,2019-04-01
Redcar and Cleveland,http://landregistry.data.gov.uk/id/region/redcar-and-cleveland,E06000003,2019-05,161,monthly,110082,0.8,2.6,76.1,161,189039,0.8,2.1,77.3,113730,1.1,2.7,76.3,84125,0.8,2.9,74.4,64724,-0.7,2.3,78.4,97496,0.9,2.6,75.8,127194,0.7,2.5,76.4,103229,0.6,2.6,76.2,56,113656,1.0,2.6,76.0,105,232871,2.2,1.4,80.2,20,106738,0.6,2.8,75.5,141,2019-05-01
Redcar and Cleveland,http://landregistry.data.gov.uk/id/region/redcar-and-cleveland,E06000003,2019-06,176,monthly,112202,1.3,1.9,77.6,176,192043,1.1,1.6,78.5,115970,1.5,2.0,77.8,85925,1.5,2.1,76.0,66105,0.0,2.1,80.0,99401,1.4,2.0,77.3,129607,1.2,1.9,77.8,105285,1.1,2.0,77.7,52,115803,1.4,1.9,77.5,124,235135,2.1,1.0,81.0,33,108973,1.1,2.1,77.1,143,2019-06-01
Redcar and Cleveland,http://landregistry.data.gov.uk/id/region/redcar-and-cleveland,E06000003,2019-07,203,monthly,112357,-0.3,0.1,77.7,203,192319,-0.5,0.1,78.6,116025,-0.2,0.0,77.8,86137,-0.1,0.2,76.2,66336,-1.5,0.3,80.3,99549,-0.2,0.1,77.4,129773,-0.5,0.1,77.9,105398,-0.6,0.1,77.8,71,115983,-0.2,0.2,77.6,132,236034,1.1,0.4,81.3,14,109078,-0.6,0.1,77.1,189,2019-07-01
Redcar and Cleveland,http://landregistry.data.gov.uk/id/region/redcar-and-cleveland,E06000003,2019-08,180,monthly,110277,-2.4,-1.9,76.2,180,188744,-2.6,-1.9,77.2,113787,-2.3,-1.9,76.3,84681,-2.1,-1.7,74.9,65056,-3.5,-1.9,78.8,97686,-2.4,-1.9,75.9,127397,-2.5,-1.8,76.5,103454,-2.6,-1.8,76.4,81,113832,-2.3,-1.9,76.1,99,230957,-1.9,-2.2,79.5,14,107117,-2.5,-1.8,75.8,166,2019-08-01
Redcar and Cleveland,http://landregistry.data.gov.uk/id/region/redcar-and-cleveland,E06000003,2019-09,167,monthly,109924,-3.5,-0.3,76.0,167,188496,-3.6,-0.1,77.1,113221,-3.5,-0.5,75.9,84515,-3.0,-0.2,74.8,64840,-4.3,-0.3,78.5,97365,-3.4,-0.3,75.7,126999,-3.5,-0.3,76.2,103104,-3.6,-0.3,76.1,54,113479,-3.4,-0.3,75.9,111,231835,-2.4,0.4,79.8,24,106642,-3.7,-0.4,75.4,143,2019-09-01
Redcar and Cleveland,http://landregistry.data.gov.uk/id/region/redcar-and-cleveland,E06000003,2019-10,183,monthly,112880,0.6,2.7,78.0,183,193221,0.2,2.5,79.0,116493,0.7,2.9,78.1,86659,1.1,2.5,76.7,66541,-0.4,2.6,80.6,99982,0.7,2.7,77.7,130417,0.5,2.7,78.3,105876,0.5,2.7,78.2,63,116532,0.7,2.7,78.0,119,237070,0.8,2.3,81.7,17,109590,0.6,2.8,77.5,166,2019-10-01
Redcar and Cleveland,http://landregistry.data.gov.uk/id/region/redcar-and-cleveland,E06000003,2019-11,206,monthly,112561,3.1,-0.3,77.8,206,192430,2.5,-0.4,78.7,116394,3.4,-0.1,78.0,86243,3.6,-0.5,76.3,66289,2.2,-0.4,80.2,99714,3.3,-0.3,77.5,130030,3.0,-0.3,78.1,105594,3.0,-0.3,78.0,74,116191,3.3,-0.3,77.7,126,234691,3.4,-1.0,80.8,31,109421,3.1,-0.2,77.4,175,2019-11-01
Redcar and Cleveland,http://landregistry.data.gov.uk/id/region/redcar-and-cleveland,E06000003,2019-12,191,monthly,112825,5.5,0.2,78.0,191,192419,4.6,0.0,78.7,116821,5.8,0.4,78.3,86486,6.0,0.3,76.5,66329,4.1,0.1,80.3,100023,5.7,0.3,77.8,130238,5.2,0.2,78.2,105897,5.3,0.3,78.2,50,116430,5.6,0.2,77.9,139,232987,4.8,-0.7,80.2,38,109863,5.5,0.4,77.7,153,2019-12-01
